,Name,Price,Ratiing
0,Cotton Blend Daily Piping/ taping Stretchable Stitched Blouse,₹156 ,3.910685 Reviews
1,Pretty Graceful Women Tops & Tunics,₹109 ,4.276153 Reviews
2,Trendy Latest Women Tops & Tunics,₹106 ,4.036779 Reviews
3,Vendoz Bellies & Ballerinas For Women,₹423 ,4.1240 Reviews
4,Stylish Fabulous Women Tops & Tunics,₹160 ,4.19426 Reviews
5,Trendy Women Blouses,₹233 ,4.1256 Reviews
6,Trendy Feminine Women Tops & Tunics,₹328 ,4.2612 Reviews
7,Trendy Women Blouses,₹121 ,4.039925 Reviews
8,Urbane Glamorous Women Tops & Tunics,₹94 ,4.310868 Reviews
9,Spandex Daily Piping/ taping Stretchable Stitched Blouse,₹167 ,3.921478 Reviews
10,Trendy Women Blouses,₹247 ,3.89127 Reviews
11,Classic Women Blouses,₹206 ,3.82496 Reviews
12,Classy Women Blouses,₹278 ,4.21323 Reviews
13,Modern Women Blouses,₹137 ,4.17882 Reviews
14,Classic Women Blouses,₹180 ,4.269 Reviews
15,Lafz Classic Deodorant for Women,₹225,4.12296 Reviews
16,blouses,₹272 ,3.94472 Reviews
17,Fancy Women Blouses,₹277 ,4.27903 Reviews
18,Modern Women Blouses,₹615 ,4.1Supplier
19,Graceful Women Nightdress,₹99 ,4.020506 Reviews
